"Pionýr, z. s.",u36ia36
"Pionýr, z. s. - Jihočeská krajská organizace Pionýra",pahrdh7
"Pionýr, z. s. - Jihomoravská krajská organizace Pionýra",6dmjbb8
"Pionýr, z. s. - Krajská organizace Kraje Vysočina",gtt6t5f
"Pionýr, z. s. - Královéhradecká krajská organizace",twdr7rk
"Pionýr, z. s. - Moravskoslezská krajská organizace",8qqdh7s
"Pionýr, z. s. - Olomoucko-zlínská krajská organizace Pionýra",pzkcn9m
"Pionýr, z. s. - Pionýrská skupina Akademie sportu",ipn4hr2
"Pionýr, z. s. - Pionýrská skupina Beroun - Závodí",grxb76r
"Pionýr, z. s. - Pionýrská skupina Čáslav",zvr7d58
"Pionýr, z. s. - Pionýrská skupina dr. Mirko Očadlíka",he4k3uf
"Pionýr, z. s. - Pionýrská skupina Expedice",gy6jbpe
"Pionýr, z. s. - Pionýrská skupina Hrádek",iupztf6
"Pionýr, z. s. - Pionýrská skupina Hraničář Červená Voda",2shatnz
"Pionýr, z. s. - Pionýrská skupina J.Á.Komenského",xc6mchf
"Pionýr, z. s. - Pionýrská skupina Ještěr",zbdpmyu
"Pionýr, z. s. - Pionýrská skupina  Jevíčko",952s8ts
"Pionýr, z. s. - Pionýrská skupina Jince",k5q7duq
"Pionýr, z. s. - Pionýrská skupina Jindřichův Hradec",5z2jm2s
"Pionýr, z. s. - Pionýrská skupina Jitřenka Kaliště",2rhtrye
"Pionýr, z. s. - Pionýrská skupina Kamarád",uwrampt
"Pionýr, z. s. - Pionýrská skupina Kamarádi",zz2cwqq
"Pionýr, z. s. - Pionýrská skupina Kamarádi cest Okříšky",k38qhre
"Pionýr, z. s. - Pionýrská skupina - KATAMARÁN",mn5ycem
"Pionýr, z. s. - Pionýrská skupina Klubovna Čtrnáctka",q5ygm35
"Pionýr, z. s. - Pionýrská skupina Kolo Koloveč",6qjcq34
"Pionýr, z. s. - Pionýrská skupina Koloušci",62jzptm
"Pionýr, z. s. - Pionýrská skupina Kopeček",czupqhh
"Pionýr, z. s. - Pionýrská skupina Miloše Sýkory",z34pdqd
"Pionýr, z. s. - Pionýrská skupina Mír Domažlice",wng52qd
"Pionýr, z. s. - Pionýrská skupina Mladých požárníků",qap8dua
"Pionýr, z. s. - pionýrská skupina Modelářské centrum MB",tsg3vhw
"Pionýr, z.s. - pionýrská skupina Modřice",mrzap64
"Pionýr, z. s. - Pionýrská skupina MOV",q4a72th
"Pionýr, z. s. - Pionýrská skupina Nepomuk",3qya9bw
"Pionýr, z. s. - Pionýrská skupina Obránců míru Chropyně",4aqehmv
"Pionýr, z. s. - Pionýrská skupina Otava Sušice",vsiztu9
"Pionýr, z.s. - Pionýrská skupina PC ""Florbalová akademie MB - výcvikové středisko florbalu Středočeského kraje""",wex2p38
"Pionýr, z. s. - pionýrská skupina Pionýr Řečkovice",446pkn3
"Pionýr, z. s. - Pionýrská skupina Plši",zxm9qiy
"Pionýr, z.s. - Pionýrská skupina Počaply",c852pqn
"Pionýr, z. s. - Pionýrská skupina Polička",99r3djm
"Pionýr, z. s. - Pionýrská skupina Přátelství, Pardubice",sxbcip8
"Pionýr, z. s. - Pionýrská skupina Restart",gh93i8x
"Pionýr, z. s. - Pionýrská skupina Rozmarýn v likvidaci",vbthepq
"Pionýr, z.s. - Pionýrská skupina Safír Kdyně",exk797u
"Pionýr, z. s. - Pionýrská skupina Směr",stwh7m2
"Pionýr, z. s. - Pionýrská skupina ""speciálních sil AČR""",t624hu7
"Pionýr, z.s. - Pionýrská skupina Svidník",yebcqza
"Pionýr, z. s. - Pionýrská skupina  Šenov",ds8mvxk
"Pionýr, z.s. - Pionýrská skupina Štětí",6vqxv8w
"Pionýr, z. s. - Pionýrská skupina Šumperk",ngcc86m
"Pionýr, z. s. - Pionýrská skupina Táborník",rd8x58k
"Pionýr, z. s. - Pionýrská skupina T.O. Mešnice",jh79qjp
"Pionýr, z. s. - Pionýrská skupina Trojlístek Strašice",r4ia487
"Pionýr, z. s. - Pionýrská skupina Tužíňáci",447jpyi
"Pionýr, z. s. - pionýrská skupina Výři",pr7cinw
"Pionýr, z. s. - Pionýrská skupina Záře",br5euvf
"Pionýr, z.s . - Pionýrská skupina Za Vodou",ae5ujk5
"Pionýr, z. s. - Pionýrská skupina Zlínská Radooost",tb23ds8
"Pionýr, z. s. - Pionýrská skupina Zliv",9gggt7z
"Pionýr, z.s. - Pionýrská skupina  Zouvalka",tdzs8dp
"Pionýr, z. s. - Pionýrská skupina 1.PTS Táborník Ml.Boleslav - pionýrské oddíly Středočeského kraje",7vf2sxm
"Pionýr, z. s. - Pionýrská skupina 14.TSP Zeměpisná společnost ""Po cestách vlasti""",ahpap85
"Pionýr, z. s. - Pražská organizace Pionýra",fwgdsn8
"Pionýr, z. s. - Středočeská krajská organizace Pionýra",yf9czku
"Pionýr, z. s. - Ústecká krajská organizace Pionýra",nvkc28k
"Pionýr, z. s. - 104. pionýrská skupina Fregata",vtt6e5f
"Pionýr, z. s. - 117. pionýrská skupina Kalich",cwedwmb
"Pionýr, z. s. - 14.pionýrská skupina  Aljaška",dkqcigd
"Pionýr, z. s. - 147. pionýrská skupina Galaxie",ymncu55
"Pionýr, z. s. - 160. pionýrská skupina Vampoš",mn9kex5
"Pionýr, z. s. - 188. pionýrská skupina T.O.Bobříci",gdyvcif
"Pionýr, z. s. - 2. pionýrská skupina Klíč",m64b8ac
"Pionýr, z. s. - 213. pionýrská skupina UFO",i4u5pi7
"Pionýr, z. s. - 30. pionýrská skupina Mládí",3j4yy93
"Pionýr, z. s. - 45. pionýrská skupina Praha 6",pqkbp99
"Pionýr, z. s. - 49. pionýrská skupina Kočovníci",s4s5ecn
"Pionýr, z. s. - 5. pionýrská skupina Děčín",p5b2jc7
"Pionýr, z.s. - 5. pionýrská skupina S.T.O. Jiřího Wolkera",cr2jjxc
"Pionýr, z. s. - 52. pionýrská skupina Slunovrat",cab8usp
"Pionýr, z. s. - 6. pionýrská skupina Kolín",vaswfuk
"Pionýr,  z. s. - 61. pionýrská skupina Paprsek",gm2dhd3
"Pionýr, z. s. - 63. pionýrská skupina  SOSNA Praha 8",usm3458
"Pionýr, z. s. - 68. pionýrská skupina Lvíčata",xjrb4yb
"Pionýr, z. s. - 7. pionýrská skupina Borač",8s4pdfa
"Pionýr, z. s. - 7. pionýrská skupina Děčín",mwsh5fj
"Pionýr, z. s. - 78. pionýrská skupina Skalka",aex99ix
"Pionýr, z. s. - 8. pionýrská skupina Příbram",z22fbwn
"Pionýr, z. s. - 87. pionýrská skupina Javor",44w72h6
"Pionýr, z. s. - 93. pionýrská skupina ORION",kz32ep9
"Pionýr, z. s. - 96. pionýrská skupina Veselí Medvědi",u2n2b5i
